use master
go
drop  database ATM
go 
Create database ATM
go 
use ATM
go
create Table UserType(
userTypeID int primary key,
[name] varchar(20) not null
)
go
create table [User](
[userId] int primary key,
[name] varchar(20) not null,
[userType] int foreign key references UserType(UserTypeID),
[phoneNum] varchar(15) not null,
[city] varchar(20) not null
)
go

create table CardType(
[cardTypeID] int primary key,
[name] varchar(15),
[description] varchar(40) null
)
go
create Table [Card](
cardNum Varchar(20) primary key,
cardTypeID int foreign key references  CardType([cardTypeID]),
PIN varchar(4) not null,
[expireDate] date not null,
balance float not null
)
go


Create table UserCard(
userID int foreign key references [User]([userId]),
cardNum varchar(20) foreign key references [Card](cardNum),
primary key(cardNum)
)
go
create table TransactionType(
transTypeID int primary key,
typeName varchar(20) not null,
[description] varchar (40) null
)
go
create table [Transaction](
transId int primary key,
transDate date not null,
cardNum varchar(20) foreign key references [Card](cardNum),
amount int not null,
transType int foreign key references TransactionType(transTypeID)
)




GO
INSERT [dbo].[UserType] ([userTypeID], [name]) VALUES (1, N'Silver')
GO
INSERT [dbo].[UserType] ([userTypeID], [name]) VALUES (2, N'Gold')
GO
INSERT [dbo].[UserType] ([userTypeID], [name]) VALUES (3, N'Bronze')
GO
INSERT [dbo].[UserType] ([userTypeID], [name]) VALUES (4, N'Common')
GO
INSERT [dbo].[User] ([userId], [name], [userType], [phoneNum], [city]) VALUES (1, N'Ali', 2, N'03036067000', N'Narowal')
GO
INSERT [dbo].[User] ([userId], [name], [userType], [phoneNum], [city]) VALUES (2, N'Ahmed', 1, N'03036047000', N'Lahore')
GO
INSERT [dbo].[User] ([userId], [name], [userType], [phoneNum], [city]) VALUES (3, N'Aqeel', 3, N'03036063000', N'Karachi')
GO
INSERT [dbo].[User] ([userId], [name], [userType], [phoneNum], [city]) VALUES (4, N'Usman', 4, N'03036062000', N'Sialkot')
GO
INSERT [dbo].[User] ([userId], [name], [userType], [phoneNum], [city]) VALUES (5, N'Hafeez', 2, N'03036061000', N'Lahore')
GO
INSERT [dbo].[CardType] ([cardTypeID], [name], [description]) VALUES (1, N'Debit', N'Spend Now, Pay Now')
GO
INSERT [dbo].[CardType] ([cardTypeID], [name], [description]) VALUES (2, N'Credit', N'Spend Now, Pay later')
GO
INSERT [dbo].[CardType] ([cardTypeID], [name], [description]) VALUES (3, N'Gift', N'Enjoy')
GO
INSERT [dbo].[Card] ([cardNum], [cardTypeID], [PIN], [expireDate], [balance]) VALUES (N'1324327436569', 3, N'1770', CAST(N'2022-07-01' AS Date), 43025.31)
GO
INSERT [dbo].[Card] ([cardNum], [cardTypeID], [PIN], [expireDate], [balance]) VALUES (N'2324325423336', 3, N'0234', CAST(N'2020-03-02' AS Date), 14425.62)
GO
INSERT [dbo].[Card] ([cardNum], [cardTypeID], [PIN], [expireDate], [balance]) VALUES (N'2324325436566', 1, N'1234', CAST(N'2019-02-06' AS Date), 34325.52)
GO
INSERT [dbo].[Card] ([cardNum], [cardTypeID], [PIN], [expireDate], [balance]) VALUES (N'2324325666456', 2, N'1200', CAST(N'2021-02-05' AS Date), 24325.3)
GO
INSERT [dbo].[Card] ([cardNum], [cardTypeID], [PIN], [expireDate], [balance]) VALUES (N'2343243253436', 2, N'0034', CAST(N'2020-09-02' AS Date), 34025.12)
GO

INSERT [dbo].[UserCard] ([userID], [cardNum]) VALUES (1, N'1324327436569')
GO
INSERT [dbo].[UserCard] ([userID], [cardNum]) VALUES (1, N'2343243253436')
GO
INSERT [dbo].[UserCard] ([userID], [cardNum]) VALUES (2, N'2324325423336')
GO
INSERT [dbo].[UserCard] ([userID], [cardNum]) VALUES (3, N'2324325436566')
GO
INSERT [dbo].[TransactionType] ([transTypeID], [typeName], [description]) VALUES (1, N'Withdraw', NULL)
GO
INSERT [dbo].[TransactionType] ([transTypeID], [typeName], [description]) VALUES (2, N'Deposit', NULL)
GO
INSERT [dbo].[TransactionType] ([transTypeID], [typeName], [description]) VALUES (3, N'ScheduledDeposit', NULL)
GO
INSERT [dbo].[TransactionType] ([transTypeID], [typeName], [description]) VALUES (4, N'Failed', NULL)
GO
INSERT [dbo].[Transaction] ([transId], [transDate], [cardNum], [amount], [transType]) VALUES (1, CAST(N'2017-02-02' AS Date), N'1324327436569', 500, 1)
GO
INSERT [dbo].[Transaction] ([transId], [transDate], [cardNum], [amount], [transType]) VALUES (2, CAST(N'2018-02-03' AS Date), N'2343243253436', 3000, 3)
GO
INSERT [dbo].[Transaction] ([transId], [transDate], [cardNum], [amount], [transType]) VALUES (3, CAST(N'2017-05-06' AS Date), N'2324325436566', 2500, 2)
GO
INSERT [dbo].[Transaction] ([transId], [transDate], [cardNum], [amount], [transType]) VALUES (4, CAST(N'2016-09-09' AS Date), N'2324325436566', 2000, 1)
GO
INSERT [dbo].[Transaction] ([transId], [transDate], [cardNum], [amount], [transType]) VALUES (5, CAST(N'2015-02-10' AS Date), N'2324325423336', 6000, 4)
GO


Select * from UserType
Select * from [User]
Select * from UserCard
Select * from [Card]
Select * from CardType
Select * from [Transaction]
Select * from TransactionType

--////////////////////////////7//////////////////////////////
create procedure status1 
@Cardnum varchar(10),@pin varchar(4),@status float output
as begin
set @status=0;
select @Cardnum=CardNum from UserCard
select @pin=PIN from [Card]
if(@Cardnum is not NULL and @pin is not NULL)
set @status=1;
end
declare @stat int
exec status1 '411516','4443',@stat output
select @stat as stat

--////////////////////////////6/////////////////////////////////

create function no_cards1(@id int)
returns float 
as begin
declare @counter1 float
select @counter1 = count(s.userid) from [User] as u inner join UserCard as s on u.userid=s.userid and u.userId=@id
return @counter1
end
select dbo.no_cards1(1)


--////////////////////////////5//////////////////////////////

create function have_card(@userid int)
returns varchar(20)
as begin

declare @cardn1  varchar(20)
select @cardn1=cardNum from UserCard where userid=@userid;
return @cardn1
END

SELECT dbo.have_card(3);

--/////////////////////////////4//////////////////////////////
create procedure disp_card4
@userid int,@out varchar(20) output
as begin
select @out=cardNum from UserCard where userid=@userid;
end
declare @cardn  varchar(20)
exec disp_card4 3,@cardn output
select @cardn
SELECT dbo.get_balance1(@cardn);
--////////////////////////////////////3/////////////////////////////

create procedure disp_name @name varchar(10)
as begin
select*from [User] WHERE name=@name;
end
execute disp_name Ali

--/////////////////////////////////////2////////////////////////////
CREATE FUNCTION get_det1
(@user_id int)
returns table
AS return
select *from [User] where userid=@user_id 

SELECT*from dbo.get_det1(3);

--/////////////////////////////////////1////////////////////////////////////////
CREATE FUNCTION get_balance1
(@cardno varchar(20))
returns int
AS BEGIN

DECLARE @ret_val int
select @ret_val=balance from [CARD] where cardNum=@cardno
return @ret_val
END

SELECT dbo.get_balance1('2324325423336');